username,screen,screen_reason,tier,grade,gate,caption_lang,bio_lang,busan_ratio,korea_ratio,food_ratio,view_rate,views_abs,fit,score,score_reason,reason
anzu.1103,fail,"계정명 및 활동 내용이 일본 관련으로, 한국(특히 부산)과 음식·여행·일상과의 접점이 없음.",,,,,,,,,,,drop,,,
chuchuperoaichu,pass,"개인 계정이며 부산에서 활동하며 한국어로 활발히 소통하고 있으며, 부산 관련 콘텐츠와 TV 출연 등 지역 연계성이 있음",small,B,pass,korean,mixed,over30,none,under5,normal,v10k_30k,keep,50,[소형] 부산 22 + 한국 0 + 캡션 0 + 바이오 4 + 음식 0 + 배율 12 + 도달 12 = 50/100 → 50점 (B),"캡션 3개 중 부산 2·한국 0·음식 0 · 캡션 한국어·바이오 혼용 · 릴스 12개 중앙값 11,000회 · 팔로워 대비 1.20배"
gyongryong_,fail,"개인 계정이지만 음식·여행·일상과의 접점이 없고, 부산 관련 콘텐츠도 확인되지 않음.",,,,,,,,,,,drop,,,
hx_jju,pass,"한국 부산에 기상캐스터로 활동 중인 개인 계정으로, 일상과 정보 제공을 하는 계정으로 판단됨.",small,D,pass,korean,korean,b5_15,none,under5,unknown,unknown,drop,17,[소형·조회수 미측정] 부산 10 + 한국 0 + 캡션 0 + 바이오 0 + 음식 0 = 10/60 → 17점 (D),캡션 3개 중 부산 0·한국 0·음식 0 · 캡션 한국어·바이오 한국어 · 도달 미측정 — 릴스 표본 1개(최소 3개)
merrysuin_aunt,fail,"대구 지역의 아동복 및 여성복 판매업체로, 부산과 음식·여행·일상과의 접점이 없음.",,,,,,,,,,,drop,,,
shuhana1225,pass,개인 계정으로 한국생활 중이면서 음식과 일상과 관련된 콘텐츠를 게재하고 있어 부산 외식업체 마케팅에 적합한 타겟,small,D,fail,mixed,mixed,zero,over30,under5,good,v3k_10k,drop,0,지역 게이트 탈락(소형·부산 조건 미달) → 0점 (D),"캡션 3개 중 부산 0·한국 1·음식 0 · 캡션 혼용·바이오 혼용 · 릴스 12개 중앙값 6,964회 · 팔로워 대비 1.98배"
suzunoya_kimono,fail,"개인 운영 계정이 아니고, 한국(부산)과 음식·여행·일상과 접점이 없음.",,,,,,,,,,,drop,,,
ydesig_n,fail,상업/브랜드 계정(인테리어 서비스 제공),,,,,,,,,,,drop,,,
skzkxk333,pass,"계정은 부산의 음식 및 여행 관련 콘텐츠를 중심으로 운영하고 있으며, 한국(부산)과 음식·여행에 대한 접점이 명확하게 보입니다.",small,A,pass,foreign,foreign,over30,seoul_small,over50,good,v10k_30k,keep,89,[소형] 부산 22 + 한국 1 + 캡션 11 + 바이오 7 + 음식 17 + 배율 19 + 도달 12 = 89/100 → 89점 (A),"캡션 3개 중 부산 3·한국 0·음식 2 · 캡션 외국어·바이오 외국어 · 릴스 12개 중앙값 11,500회 · 팔로워 대비 1.71배"
